ts	phase	decision	why	evidence	result
2026-09-21T11:22:06Z	frame	Confirmed the workspace is empty and inventoried the required local tools	The plan must start from observed machine state	toolchain inventory: git 2.53.0, node 24.21.0, npm 11.19.0, Docker command missing	Docker installation remains open
2026-09-21T11:26:35Z	toolchain	Stopped the Docker Desktop 4.91.0 installer at the Windows administrator prompt	The brief requires recording administrator blockers instead of bypassing operating-system security	winget Docker.DockerDesktop 4.91.0; C:\Program Files\Docker\Docker\resources\bin\docker.exe absent	BLOCKED on user administrator approval; independent work continues
2026-09-21T16:13:11Z	architecture	Selected Candidate B as the architecture base and grafted Candidate A resource ownership, import review, recipient review, and access-path definitions	The operational-event ledger preserves report and audit facts while the resource boundaries keep writes owned and call chains short	docs/architecture.md	planning synthesis VERIFIED
2026-09-21T16:13:11Z	domain	Modeled lifecycle states as closed unions and made operational events the shared audit and reporting facts	State tables and exhaustive event payloads prevent contradictory flags and reports inferred from mutable rows	docs/domain-model.md	domain plan VERIFIED
2026-09-21T16:13:11Z	design	Selected the operations register with a detail inspector over the guided workbench	Owners need to compare several enquiries and keep reasons visible; the guided workbench hid that context	docs/design-rationale.md	composition decision VERIFIED
2026-09-21T16:13:11Z	verification	Defined one falsifiable completion predicate and phase gates that require browser, API, database, security, accessibility, query, and production evidence	A build or isolated suite cannot prove the stored end-to-end workflow	docs/architecture.md; docs/test-plan.md; docs/delivery-plan.md	planning gates VERIFIED
2026-09-21T16:13:11Z	versions	Verified the stable stack baseline through official release pages and exact npm registry latest endpoints	Implementation needs dated evidence before the lockfile proves compatibility	docs/assumptions.md	versions checked 2026-09-21; compatibility remains open
2026-09-21T18:35:14Z	implementation	Built the first real vertical slice with an Express API, Mongoose current state, typed operational events, session-bound CSRF, Argon2id passwords, idempotent bookings, and a responsive Next.js Today workspace	The approved phase gate requires a stored register-to-booking path before later feature phases	apps/api; apps/web; packages/contracts; npm run typecheck; npm test; npm run build	foundation checks VERIFIED; database/browser gate pending disposable replica-set runtime
2026-09-21T18:40:00Z	verification	Separated MongoDB replica-set integration tests from the fast unit/API boundary suite	The memory-server binary download was unavailable and must not make the passing unit suite appear to prove persistence	npm run test:integration; C:\Users\Parthib\.cache\mongodb-binaries\mongodb-windows-x86_64-8.2.6.zip.downloading (0 bytes)	INCONCLUSIVE; retry when MongoDB binary or Docker daemon is available
2026-09-21T18:40:00Z	toolchain	Confirmed the Docker client is installed but the Docker Desktop Linux engine is not running	Container verification must record the exact daemon blocker instead of claiming Compose evidence	docker version; failed to connect to npipe:////./pipe/dockerDesktopLinuxEngine	BLOCKED on Docker Desktop daemon startup/administrator approval
2026-09-21T18:44:00Z	verification	Ran the real Next.js registration surface through Playwright and axe after installing the official Chromium runtime	The visual and accessibility smoke check must exercise the actual app rather than a static render	npx playwright test apps/web/tests/vertical-slice.spec.ts --project=chromium	1 passed; registration surface axe scan has no serious or critical violations
2026-09-21T18:50:00Z	verification	Ran a clean lockfile install with MongoDB test-binary postinstall disabled	The application install must be repeatable without turning dependency installation into an unbounded external database download	MONGOMS_DISABLE_POSTINSTALL=1 MONGOMS_RUNTIME_DOWNLOAD=0 npm ci	VERIFIED; 278 packages installed and audited; 4 advisories remain for later security triage
2026-09-21T18:52:00Z	verification	Attempted the real MongoDB replica-set gate with the recovered cache and an explicit checksum result	A partial binary is not evidence of a working database; the test must fail closed when the archive is corrupt	MONGOMS_VERSION=8.2.6 MONGOMS_MD5_CHECK=0 npm run test:integration	NOT VERIFIED; archive failed with End of central directory record signature not found
2026-09-21T19:00:00Z	verification	Kept the foundation and vertical-slice claims NOT VERIFIED until direct MongoDB and full browser evidence exists	The completion predicate requires persisted transaction behavior, restart persistence, workspace isolation, and the real end-to-end UI path	docs/verification.md; npm run typecheck; npm test; npm run build	NOT VERIFIED; WSL kernel is missing and Docker Desktop Linux engine cannot start; MongoDB test archive is truncated
2026-09-21T19:05:00Z	verification	Ran the restored MongoDB 8.0.6 replica-set integration gate	Direct persistence evidence now covers atomic registration, event metadata, booking receipt retry, Results, customer lookup, and two-workspace isolation	MONGOMS_VERSION=8.0.6 npm run test:integration	VERIFIED for the API/database gate; full browser and container release gate remains NOT VERIFIED
2026-09-21T19:18:00Z	verification	Added the real browser registration-to-booking workflow and kept the no-database accessibility smoke check runnable	The browser gate must assert stored booking and recorded value when a MongoDB-backed API is available without pretending a UI-only run proves persistence	apps/web/tests/vertical-slice.spec.ts; GROWTHOS_E2E_MONGODB_URI	Workflow ready but skipped in this host run; focused UI/axe check passed; full release remains NOT VERIFIED
2026-09-21T23:14:00Z	verification	Made Playwright start its own MongoMemoryReplSet-backed API and ran desktop plus iPhone/WebKit browser workflows	The browser gate must exercise registration through stored Results without requiring a manually configured database URI	playwright.config.ts; apps/api/src/scripts/e2e-server.ts; npx playwright test apps/web/tests/vertical-slice.spec.ts --project=chromium --project=phone	4 passed; direct browser gate VERIFIED; restart/container release evidence remains NOT VERIFIED
2026-09-22T00:05:00Z	customer-data	Added workspace-scoped customer register, safe CSV preview/commit, explicit normalized duplicate review, interaction and consent history, lifecycle transitions, and consent withdrawal suppression	Customer records need an auditable, tenant-safe source of truth before campaigns; imports never silently merge and formula-like cells are rejected before persistence	apps/api/src/customers; apps/api/src/routes/customers.ts; apps/api/src/routes/customer-imports.ts; apps/web/src/app/customers-view.tsx; MONGOMS_VERSION=8.0.6 MONGOMS_RUNTIME_DOWNLOAD=0 npm run test:integration (2 passed); npx playwright test apps/web/tests/vertical-slice.spec.ts --project=chromium --project=phone (6 passed)	Customer-data direct API/browser gates VERIFIED; Docker/restart/audit release evidence remains NOT VERIFIED
